,Butterfly wings
Hairs,y
Gold Crown,y
Silver Crown,y
Thunder Storm,n
Silly Hat Red,n
Silly Hat Blue,n
Moon Spell,y
Night Sky,n
Arrow,y
Cherries,y
Potion,y
Skelly,y
Gakko,y
Unicorn,y
Scruffy Mage Beige,y
Scruffy Mage Indigo,y
Butterfly,y
Red Strawberry,y
Pink Strawberry,y
Adventurer Mushroom,y
Rogue Mushroom,y
Muse Mushroom,y
Mystic Mushroom,y
Warrior Mushroom,y
Leafy,y
Petal,y
Bold Horns,y
Muted Horns,y
Wolf Hood,y
Flames,y
Wings,n
Sinister Skull,n
Omniscient Hat,y
Enchanted Crow,y
Winged Helmet,y
Tattoo,y
Dusky Cloud,y
Candy Cloud,y
Pastel Cloud,y
Sour Slime,n
Minty Slime,n
Spicy Slime,n
Sweet Wonderland,n
Electric Wonderland,n
Yellow Halo,n
White Halo,n
Blue Jelly,n
Green Jelly,n
Blonde Shaggy,n
Green Shaggy,n
Blue Star,n
Orange Star,n
Medusa,n
Teal Spikey,y
Orange Spikey,y
Icy Streaky,n
Neon Streaky,n
Yellow Tulip,n
Grey Tulip,n
Purple Flash,y
Green Flash,y
Grey Gloopy,n
Lilac Gloopy,n
Peach Gloopy,n